{
    "config_name": "db9-2024",
    "use_name_detection": false,
    "use_gender_detection": false,
    "use_age_detection": false,
    "regions": {
        "user_info": [
            [
                0.5018691588785047,
                -0.22920696324951645
            ],
            [
                0.9373831775700935,
                -0.0609284332688588
            ]
        ],
        "attempt_score": [
            [
                0.03364485981308411,
                0.061895551257253385
            ],
            [
                0.8476635514018691,
                0.5435203094777563
            ]
        ],
        "boulder_score": [
            [
                0.9037383177570093,
                0.05609284332688588
            ],
            [
                1.0813084112149534,
                0.5454545454545454
            ]
        ],
        "total_scores": [
            [
                0.8542056074766355,
                0.8317214700193424
            ],
            [
                1.0822429906542057,
                0.9970986460348162
            ]
        ]
    }
}