{
    "config_name": "db9-2024",
    "use_name_detection": false,
    "use_gender_detection": false,
    "use_age_detection": false,
    "num_attempts": 9,
    "num_boulders": 20,
    "included_regions": [
        "user_info",
        "attempt_score",
        "boulder_score",
        "total_scores"
    ],
    "region_original_sizes": {
        "user_info": [
            937.5,
            395.0
        ],
        "attempt_score": [
            1745.0,
            995.0
        ],
        "boulder_score": [
            362.5,
            1015.0
        ],
        "total_scores": [
            517.5,
            262.5
        ]
    },
    "user_info_region": [
        [
            0.5058397408096491,
            -0.24396135265700483
        ],
        [
            0.9439226572152344,
            -0.05314009661835749
        ]
    ],
    "attempt_score_region": [
        [
            0.03271019109161703,
            0.0640096618357488
        ],
        [
            0.8481285261612131,
            0.5446859903381642
        ]
    ],
    "boulder_score_region": [
        [
            0.9065395816819578,
            0.05555555555555555
        ],
        [
            1.0759316426921175,
            0.5458937198067633
        ]
    ],
    "total_scores_region": [
        [
            0.8504649683820429,
            0.8405797101449275
        ],
        [
            1.092286738237926,
            0.967391304347826
        ]
    ],
    "has_age_categories": false,
    "age_categories": ["N/A"]
}