{
    "config_name": "db9-2024",
    "use_name_detection": false,
    "use_gender_detection": false,
    "use_age_detection": false,
    "num_attempts": 9,
    "num_boulders": 20,
    "included_regions": [
        "user_info",
        "attempt_score",
        "boulder_score",
        "total_scores"
    ],
    "region_original_sizes": {
        "user_info": [
            1225.0,
            370.0
        ],
        "attempt_score": [
            1742.5,
            995.0
        ],
        "boulder_score": [
            382.5,
            1000.0
        ],
        "total_scores": [
            532.5,
            282.5
        ],
        "full_page": [
            2481,
            3506
        ]
    },
    "has_age_categories": false,
    "age_categories": [
        "N/A"
    ],
    "zones_and_tops_indication": [
        "zones",
        "att_z",
        "tops",
        "att_t"
    ],
    "default_marker_positions": [
        [
            0.05199516324062878,
            0.19537934968625215
        ],
        [
            0.9145505844417574,
            0.19594980034227039
        ],
        [
            0.9145505844417574,
            0.7846548773531089
        ],
        [
            0.051592099959693674,
            0.7852253280091273
        ]
    ],
    "user_info_region": [
        [
            0.3822429489209835,
            -0.23646034816247583
        ],
        [
            0.9546727929652437,
            -0.05754352030947776
        ]
    ],
    "attempt_score_region": [
        [
            0.03177569746531403,
            0.062379110251450674
        ],
        [
            0.8462615898482899,
            0.5435203094777563
        ]
    ],
    "boulder_score_region": [
        [
            0.9032709294184121,
            0.05851063829787234
        ],
        [
            1.0822428724951074,
            0.5420696324951644
        ]
    ],
    "total_scores_region": [
        [
            0.8415886931622143,
            0.8346228239845261
        ],
        [
            1.0901867968614358,
            0.9714700193423598
        ]
    ]
}