{
    "config_name": "db9-2024",
    "use_name_detection": false,
    "use_gender_detection": false,
    "use_age_detection": false,
    "num_attempts": 9,
    "num_boulders": 20,
    "user_info_region": [
        [
            0.4981308411214953,
            -0.23597678916827852
        ],
        [
            0.9420560747663551,
            -0.05319148936170213
        ]
    ],
    "attempt_score_region": [
        [
            0.03364485981308411,
            0.061895551257253385
        ],
        [
            0.8485981308411215,
            0.5444874274661509
        ]
    ],
    "boulder_score_region": [
        [
            0.905607476635514,
            0.0551257253384913
        ],
        [
            1.0757009345794393,
            0.5454545454545454
        ]
    ],
    "total_scores_region": [
        [
            0.8411214953271028,
            0.8249516441005803
        ],
        [
            1.0897196261682243,
            0.9845261121856866
        ]
    ]
}