{
    "config_name": "db9-2025",
    "use_name_detection": false,
    "use_gender_detection": false,
    "use_age_detection": false,
    "num_attempts": 9,
    "num_boulders": 20,
    "included_regions": [
        "user_info",
        "attempt_score",
        "boulder_score",
        "total_scores"
    ],
    "region_original_sizes": {
        "user_info": [
            1212.5,
            372.5
        ],
        "attempt_score": [
            1687.5,
            960.0
        ],
        "boulder_score": [
            390.0,
            980.0
        ],
        "total_scores": [
            595.0,
            255.0
        ],
        "full_page": [
            2481,
            3506
        ]
    },
    "has_age_categories": false,
    "age_categories": [
        "N/A"
    ],
    "user_info_region": [
        [
            0.3736900843835539,
            -0.06002143622722401
        ],
        [
            0.938299713436587,
            0.09967845659163987
        ]
    ],
    "attempt_score_region": [
        [
            0.03259601982161841,
            0.20257234726688103
        ],
        [
            0.8183929262356336,
            0.6141479099678456
        ]
    ],
    "boulder_score_region": [
        [
            0.8754359609234658,
            0.19614147909967847
        ],
        [
            1.0570423570724827,
            0.6162915326902465
        ]
    ],
    "total_scores_region": [
        [
            0.8090797777151711,
            0.8692390139335477
        ],
        [
            1.0861459461989276,
            0.9785637727759914
        ]
    ]
}